<?xml version="1.0" encoding="UTF-8"?>
 <!DOCTYPE struts PUBLIC 
	"-//Apache Software Foundation//DTD Struts Configuration 2.0//EN"
	"http://struts.apache.org/dtds/struts-2.0.dtd">
<struts>

	<package namespace="/" extends="struts-default"  name="student">			
			<action name="show" class="com.ilp.test.Student" method="showDetails">
				<result name="done">sucess.jsp</result>			
			</action>
			
			<action name="login" class="com.ilp.test.Login" method="doLogin">
				<result name="done">loginSucess.jsp</result>			
				<result name="error">index.jsp</result>
				<result name="input">index.jsp</result>
			</action>	
			<action name="view">
				<result>index.jsp</result>
			</action>
	</package> 

</struts>
	