[ {
    "CGMP_DB_POST_COUNT" : "cgmp_total_published_posts",
    "CGMP_DB_PUBLISHED_POST_MARKERS" : "cgmp_published_post_markers",
	"CGMP_DB_PUBLISHED_POST_IDS" : "cgmp_published_post_ids",
	"CGMP_DB_PUBLISHED_PAGE_IDS" : "cgmp_published_page_ids",
	"CGMP_DB_PURGE_GEOMASHUP_CACHE" : "cgmp_purge_geomashup_cache",


    "CGMP_ALL_MAP_CACHED_CONSTANTS_PREFIX" : "cgmp_cache_",

    "CGMP_MAP_CACHE_POST_PREFIX" : "cgmp_cache_post_",
    "CGMP_MAP_CACHE_POST_TIME_PREFIX" : "cgmp_cache_time_post_",

    "CGMP_MAP_CACHE_PAGE_PREFIX" : "cgmp_cache_page_",
    "CGMP_MAP_CACHE_PAGE_TIME_PREFIX" : "cgmp_cache_time_page_",

    "CGMP_MAP_CACHE_CUSTOM_TYPE_PREFIX" : "cgmp_cache_custom_",
    "CGMP_MAP_CACHE_CUSTOM_TYPE_TIME_PREFIX" : "cgmp_cache_time_custom_",

    "CGMP_MAP_CACHE_WIDGET_PREFIX" : "cgmp_cache_widget_map_",
    "CGMP_MAP_CACHE_WIDGET_TIME_PREFIX" : "cgmp_cache_time_widget_map_",

    "CGMP_DB_GEOMASHUP_DATA_CACHE" : "cgmp_cache_mashup_map",
    "CGMP_DB_GEOMASHUP_DATA_CACHE_TIME" : "cgmp_cache_time_mashup_map",


    "CGMP_AJAX_CACHE_MAP_ACTION" : "cgmp_ajax_cache_map_action",
    "CGMP_TIMESTAMP" : "timestamp",
    "CGMP_INITIAL_WARNING" : "cgmp_initial_warning",
    "CGMP_PERSISTED_SHORTCODES" : "cgmp_persisted_shortcodes",
    "CGMP_DB_SELECTED_LANGUAGE" : "cgmp_selected_language",
    "CGMP_DB_SETTINGS_BUILDER_LOCATION" : "cgmp_settings_builder_location",
    "CGMP_DB_SETTINGS_TINYMCE_BUTTON" : "cgmp_settings_tinymce_button",
    "CGMP_DB_SETTINGS_PLUGIN_ADMIN_BAR_MENU" : "cgmp_settings_plugin_admin_bar_menu",
    "CGMP_DB_SETTINGS_MAP_SHOULD_FILL_VIEWPORT" : "cgmp_settings_map_should_fill_viewport",
	"CGMP_DB_SETTINGS_CUSTOM_POST_TYPES" : "cgmp_settings_custom_post_types",
	"CGMP_DB_SETTINGS_WAS_BASE_OBJECT_RENDERED" : "cgmp_settings_was_base_object_rendered",
	"CGMP_DB_SETTINGS_SHOULD_BASE_OBJECT_RENDER" : "cgmp_settings_should_base_object_render",
    "CGMP_GOOGLE_API_URL" : "http://www.google.com/jsapi",
	"CGMP_GOOGLE_API_URL_SSL" : "https://www.google.com/jsapi",
    "CGMP_HOOK" : "cgmp-documentation",
    "CGMP_HTML_TEMPLATE_MAP_CONFIGURATION_FORM" : "snippet_shortcode_builder_html_form.tpl",
    "CGMP_HTML_TEMPLATE_MAP_CONFIG_DOCUMENTATION_PAGE" : "page_admin_menu_documentation.tpl",
	"CGMP_HTML_TEMPLATE_GLOBAL_ERROR_MESSAGES" : "data_json_global_error_messages.tpl",
	"CGMP_HTML_TEMPLATE_INFO_BUBBLE" : "data_json_marker_info_bubble_labels.tpl",
    "CGMP_HTML_TEMPLATE_MAP_MARKER_DIRECTION_HINT" : "snippet_marker_directions_hint_container_div.tpl",
	"CGMP_HTML_TEMPLATE_MAP_POWEREDBY_NOTICE" : "snippet_poweredby_notice_container_div.tpl",
    "CGMP_HTML_TEMPLATE_MAP_PLACEHOLDER_AND_DIRECTIONS" : "snippet_map_and_directions_container_divs.tpl",
    "CGMP_HTML_TEMPLATE_MAP_SHORTCODE_BUILDER_METABOX" : "snippet_shortcode_builder_wyswyg_editor_container_div.tpl",
    "CGMP_HTML_TEMPLATE_MAP_SHORTCODE_BUILDER_PAGE" : "page_admin_menu_shortcode_builder.tpl",
    "CGMP_HTML_TEMPLATE_PLUGIN_SETTINGS_PAGE" : "page_admin_menu_settings.tpl",
    "CGMP_HTML_TEMPLATE_PLUGIN_SAVED_SHORTCODES_PAGE" : "page_admin_menu_saved_shortcodes.tpl",
    "CGMP_HTML_TEMPLATE_WIDGET" : "snippet_widget_container_div.tpl",
    "CGMP_HTML_TEMPLATE_WIDGET_FORM_TITLE" : "snippet_widget_html_fieldset_title.tpl",
    "CGMP_HTML_TEMPLATE_SHORTCODE_BUILDER_FORM_TITLE" : "snippet_shortcode_html_fieldset_title.tpl",
    "CGMP_HTML_TEMPLATE_SHORTCODE_BUILDER_HTML_FORM" : "snippet_shortcode_save_html_form.tpl",
    "CGMP_JSON_DATA_DEFAULT_WIDGET_PARAM_VALUES" : "default.widget.params.values.json",
    "CGMP_JSON_DATA_HTML_ELEMENTS_DOCO_PARAMS" : "html.elements.doco.params.json",
    "CGMP_JSON_DATA_HTML_ELEMENTS_FORM_PARAMS" : "html.elements.form.params.json",
    "CGMP_NAME" : "cgmp",
    "CGMP_NO_BUBBLE_DESC" : "No description provided",
    "CGMP_PLUGIN_ASSETS_DIR" : "CGMP_PLUGIN_DIR/assets",
    "CGMP_PLUGIN_ASSETS_URI" : "CGMP_PLUGIN_URIassets",
    "CGMP_PLUGIN_CSS" : "CGMP_PLUGIN_URIassets/css",
    "CGMP_PLUGIN_CSS_DIR" : "CGMP_PLUGIN_DIR/assets/css",
    "CGMP_PLUGIN_DATA_DIR" : "CGMP_PLUGIN_DIR/data",
    "CGMP_PLUGIN_HTML" : "CGMP_PLUGIN_DIR/assets/html",
    "CGMP_PLUGIN_IMAGES" : "CGMP_PLUGIN_URIassets/css/images",
    "CGMP_PLUGIN_IMAGES_DIR" : "CGMP_PLUGIN_DIR/assets/css/images",
    "CGMP_PLUGIN_INCLUDE_DIR" : "CGMP_PLUGIN_DIR/include",
    "CGMP_PLUGIN_JS" : "CGMP_PLUGIN_URIassets/js",
    "CGMP_SEP" : "{}",
    "CGMP_GEOSERVICE_THROTTLING_IN_MICROS" : 150000,
    "CGMP_GEO_VALIDATION_CLIENT_REVALIDATE" : "REVALIDATE",
    "CGMP_VERSION" : "9.0.20"
  } ]
