<?xml version="1.0" encoding="UTF-8"?>
<!DOCTYPE hibernate-mapping PUBLIC  
 "-//Hibernate/Hibernate Mapping DTD 3.0//EN"  
 "http://hibernate.sourceforge.net/hibernate-mapping-3.0.dtd">  
 
 <hibernate-mapping>
 	<class name="com.tcs.hyd.StudentBean" table="Candidate_759270" >
 		<id name="student_id" column="id" type="int" length="20" >
 		<generator class="native"/>
 		
 		</id>
 		<property name="student_name" column="name" type="string" length="40"></property>
 		<property name="age" column="age" type="int" length="2"></property>
 		<property name="ContactNo" column="Contact" type="long" length="10"></property>
 	</class>
 </hibernate-mapping>